[{
  "userid": 900,
  "email": "abcdkkk@gmail.com",
  "date_joined": -1573012800000,
  "modified": 1582747201000,
  "type": 1,
  "deleted": false,
  "username": "Abc"
},
{
  "userid": 1000,
  "email": "Betty@gmail.com",
  "date_joined": 1589068800000,
  "modified": 1586044800000,
  "type": 5,
  "deleted": false,
  "username": "Cristina"
},
{
  "userid": 1001,
  "email": "tome_same123@gmail.com",
  "date_joined": 1600341731000,
  "modified": 1495841175000,
  "type": 7,
  "deleted": false,
  "username": "Tome Same"
},
{
  "userid": 1002,
  "email": "kapasiyash@gmail.com",
  "date_joined": 1543969386000,
  "modified": 1551911175000,
  "type": 6,
  "deleted": false,
  "username": "yash kapasi"
}]